员工姓名	序号	分机号码	部门名称	市话	IP长途	其它	内线
傅强	12.0	387080.0	实验评定部-基础所实验评定部-基础所实验评定部-基础所实验评定部-基础所实验评定部-基础所	0.55	0.0	0.6	0.2
刘凯	60.0	929040.0	实验评定部-基础所实验评定部-基础所实验评定部-基础所实验评定部-基础所实验评定部-基础所实验评定部-基础所实验评定部-基础所实验评定部-基础所实验评定部-基础所实验评定部-基础所实验评定部-基础所实验评定部-基础所	0.0	0.0	1.0	46.3
合计	0.0	0.0	0	51.480000000000004	78.82	99.4	162.7
基础所门岗	28.0	542416.0	实验评定部-基础所实验评定部-基础所实验评定部-基础所实验评定部-基础所实验评定部-基础所实验评定部-基础所实验评定部-基础所	0.0	0.0	0.0	16.6
姬志豪	41.0	929148.0	实验评定部-基础所实验评定部-基础所实验评定部-基础所实验评定部-基础所实验评定部-基础所实验评定部-基础所实验评定部-基础所实验评定部-基础所实验评定部-基础所实验评定部-基础所实验评定部-基础所实验评定部-基础所	0.66	47.11	43.4	22.4
消防	97.0	851554.0	实验评定部-基础所实验评定部-基础所实验评定部-基础所实验评定部-基础所实验评定部-基础所实验评定部-基础所实验评定部-基础所实验评定部-基础所实验评定部-基础所实验评定部-基础所实验评定部-基础所	0.0	0.0	0.0	1.2000000000000002
王富印	83.0	929016.0	实验评定部-基础所实验评定部-基础所实验评定部-基础所实验评定部-基础所实验评定部-基础所实验评定部-基础所实验评定部-基础所实验评定部-基础所实验评定部-基础所实验评定部-基础所实验评定部-基础所实验评定部-基础所	37.29	9.59	0.2	5.0
王群硕	95.0	929136.0	实验评定部-基础所实验评定部-基础所实验评定部-基础所实验评定部-基础所实验评定部-基础所实验评定部-基础所实验评定部-基础所实验评定部-基础所实验评定部-基础所实验评定部-基础所实验评定部-基础所实验评定部-基础所	1.54	21.98	30.6	30.6
翟紫陌	118.0	929088.0	实验评定部-基础所实验评定部-基础所实验评定部-基础所实验评定部-基础所实验评定部-基础所实验评定部-基础所实验评定部-基础所实验评定部-基础所实验评定部-基础所实验评定部-基础所实验评定部-基础所实验评定部-基础所	0.22	0.0	0.4	33.800000000000004
聂中英	66.0	851587.0	实验评定部-基础所实验评定部-基础所实验评定部-基础所实验评定部-基础所实验评定部-基础所实验评定部-基础所实验评定部-基础所实验评定部-基础所实验评定部-基础所实验评定部-基础所实验评定部-基础所	0.0	0.0	2.2	1.9000000000000001
赵紫珅	76.0	541905.0	实验评定部-基础所实验评定部-基础所实验评定部-基础所实验评定部-基础所实验评定部-基础所实验评定部-基础所实验评定部-基础所	4.07	0.14	0.0	0.0
郝晋斐	6.0	154822.0	实验评定部-基础所实验评定部-基础所	0.0	0.0	0.0	0.0
陈春雷	12.0	928920.0	实验评定部-基础所实验评定部-基础所实验评定部-基础所实验评定部-基础所实验评定部-基础所实验评定部-基础所实验评定部-基础所实验评定部-基础所实验评定部-基础所实验评定部-基础所实验评定部-基础所实验评定部-基础所	5.61	0.0	15.2	2.4
陈荣	8.0	309652.0	实验评定部-基础所实验评定部-基础所实验评定部-基础所实验评定部-基础所	1.54	0.0	0.2	0.0
高歌	16.0	464514.0	实验评定部-基础所实验评定部-基础所实验评定部-基础所实验评定部-基础所实验评定部-基础所实验评定部-基础所	0.0	0.0	5.6000000000000005	2.3
